company,document_type,url,notes
WhatsApp,Terms of Service,https://www.whatsapp.com/legal/terms-of-service,"Verified. Global ToS (titled ""WhatsApp Terms of Service""). No separate India-specific page; India users covered by this document. Effective date: January 4 2021."
WhatsApp,Privacy Policy,https://www.whatsapp.com/legal/privacy-policy,"Verified. Global Privacy Policy. No separate India-specific page; India users covered by this document."
Facebook,Terms of Service,https://www.facebook.com/terms.php,"Verified. Titled ""Meta Terms of Service"" — governs use of Facebook and all Meta products. Canonical URL is facebook.com/terms/ (terms.php redirects there)."
Facebook,Privacy Policy,https://www.facebook.com/privacy/policy/,"Verified. Meta Privacy Policy served via facebook.com domain. Covers Facebook and all Meta products."
Meta,Terms of Service,https://www.facebook.com/terms.php,"Verified. Meta publishes a single unified ToS for all its products at this URL. No separate meta.com/legal/terms page exists (returns 404)."
Meta,Privacy Policy,https://www.facebook.com/privacy/policy/,"Verified. Meta publishes a single unified Privacy Policy at this URL. No separate meta.com/privacy page exists (returns 404)."
Instagram,Terms of Service,https://help.instagram.com/581066165581870,"Verified. Instagram Help Center ToS page — references and links to the Meta Terms of Service. No separate India-specific page."
Instagram,Privacy Policy,https://help.instagram.com/519522125107875,"Verified. Titled ""Meta Privacy Policy – How Meta collects and uses user data."" Shared across Meta products. No separate India-specific page."
YouTube,Terms of Service,https://www.youtube.com/t/terms,"Verified. Titled ""Terms of Service"". No separate India ToS; this global page covers India users. Privacy is covered by Google's Privacy Policy."
Google,Terms of Service,https://policies.google.com/terms?hl=en-IN,"Verified. Google Terms of Service — India locale (en-IN). Published on policies.google.com."
Google,Privacy Policy,https://policies.google.com/privacy?hl=en-IN,"Verified. Google Privacy Policy — India locale (en-IN). Published on policies.google.com."
Netflix,Terms of Use,https://help.netflix.com/legal/termsofuse,"Verified. Titled ""Netflix Terms of Use | Netflix Help Center"". The /in/termsofuse path on www.netflix.com returns 404; help.netflix.com/legal/termsofuse is the canonical ToU page."
Netflix,Privacy Policy,https://help.netflix.com/legal/privacy,"Verified. Titled ""Privacy Statement | Netflix Help Center"". The /in/privacy path on www.netflix.com returns 404; this is the canonical Privacy Statement page."
Amazon Prime Video,Terms of Service,https://www.primevideo.com/help/ref=atv_hp_nd_cnt?nodeId=202095490,"Verified. Prime Video conditions/terms of use page on primevideo.com."
Amazon,Conditions of Use,https://www.amazon.in/gp/help/customer/display.html?nodeId=200545940,"Unverified. URL is the canonical Conditions of Use for Amazon India (linked in site footer); HTTP fetch returns 403 Forbidden due to bot-protection. Cannot confirm content without a browser."
Amazon,Privacy Notice,https://www.amazon.in/gp/help/customer/display.html?nodeId=200534380,"Unverified. URL is the canonical Privacy Notice for Amazon India (linked in site footer); HTTP fetch returns 403 Forbidden due to bot-protection. Cannot confirm content without a browser."
Flipkart,Terms of Use,https://www.flipkart.com/pages/terms,"Unverified. URL is the canonical Terms of Use page (confirmed via official sources and footer links). HTTP fetch returns a JS-rendered product search page; legal text requires JavaScript. Cannot confirm content without a browser."
Flipkart,Privacy Policy,https://www.flipkart.com/pages/privacypolicy,"Unverified. URL is the canonical Privacy Policy page (confirmed via official sources and footer links). Same JS-rendering issue as above. Cannot confirm content without a browser."
